{"cameraMode":{"drawMode":0,"name":"Shaded","section":"Shading Mode"},"sceneLighting":true,"audioPlay":false,"sceneViewState":{"m_AlwaysRefresh":false,"showFog":true,"showSkybox":true,"showFlares":true,"showImageEffects":true,"showParticleSystems":true,"showVisualEffectGraphs":true,"m_FxEnabled":true},"in2DMode":false,"pivot":{"x":0.10059699416160584,"y":0.24105548858642579,"z":-0.0855320394039154},"rotation":{"x":0.14966033399105073,"y":-0.8455334901809692,"z":0.3101036548614502,"w":0.4080665409564972},"size":1.2547061443328858,"orthographic":false}